{"RuleTriggered": 3, "Violations": 3, "Details": {"algo-1": {"cpu": {"p25": 17.4259375, "p50": 21.526875, "p75": 37.270312499999996, "p95": 48.932999999999986, "upper": 67.03687499999998, "lower": 0.0}, "gpu0": {"p25": 0.0, "p50": 0.0, "p75": 0.0, "p95": 38.799999999999955, "upper": 0.0, "lower": 0.0}, "gpu0_memory": {"p25": 0.0, "p50": 0.0, "p75": 0.0, "p95": 33.59999999999991, "upper": 0.0, "lower": 0.0}}, "last_timestamp": 1689132780000000}, "Datapoints": 1464, "RuleParameters": "cpu_threshold_p95:70\ngpu_threshold_p95:70\ngpu_memory_threshold_p95:70\npatience:1000\nwindow:500"}