{"RuleTriggered": 0, "Violations": 0, "Details": {"pin_memory": false, "num_workers": 0, "cores": 8, "dataloaders": 1, "dataloading_time": {"p25": 1.83809725, "p50": 2.0459855, "p95": 2.3496218499999997, "probs": [1, 0, 0, 0, 0, 0, 0, 0, 0, 0, 0, 0, 0, 0, 0, 0, 0, 0, 0, 0, 0, 0, 0, 0, 0, 0, 1, 0, 0, 0, 0, 0, 0, 0, 1, 0, 0, 0, 0, 0, 0, 0, 0, 0, 0, 0, 0, 0, 0, 1, 0, 0, 0, 0, 0, 0, 0, 0, 1, 0, 0, 0, 0, 0, 0, 0, 1, 0, 1, 0, 0, 0, 0, 0, 0, 0, 0, 0, 0, 0, 0, 0, 0, 0, 0, 1, 0, 0, 0, 0, 0, 0, 0, 0, 0, 1, 0, 0, 0, 1], "binedges": [1.508399, 1.51699027, 1.5255815400000001, 1.53417281, 1.54276408, 1.5513553500000001, 1.55994662, 1.56853789, 1.5771291600000001, 1.58572043, 1.5943117, 1.60290297, 1.61149424, 1.62008551, 1.62867678, 1.63726805, 1.64585932, 1.65445059, 1.66304186, 1.67163313, 1.6802244, 1.6888156699999999, 1.69740694, 1.70599821, 1.7145894799999999, 1.72318075, 1.73177202, 1.74036329, 1.74895456, 1.75754583, 1.7661371, 1.77472837, 1.78331964, 1.79191091, 1.80050218, 1.80909345, 1.81768472, 1.82627599, 1.83486726, 1.84345853, 1.8520498, 1.86064107, 1.86923234, 1.87782361, 1.88641488, 1.89500615, 1.90359742, 1.91218869, 1.92077996, 1.9293712299999999, 1.9379624999999998, 1.94655377, 1.95514504, 1.9637363099999998, 1.97232758, 1.98091885, 1.9895101199999998, 1.99810139, 2.0066926599999997, 2.01528393, 2.0238752, 2.03246647, 2.04105774, 2.04964901, 2.0582402799999997, 2.06683155, 2.07542282, 2.08401409, 2.09260536, 2.10119663, 2.1097878999999997, 2.11837917, 2.12697044, 2.13556171, 2.14415298, 2.15274425, 2.1613355199999997, 2.16992679, 2.17851806, 2.1871093299999997, 2.1957006, 2.20429187, 2.2128831399999997, 2.22147441, 2.23006568, 2.2386569499999998, 2.24724822, 2.2558394899999996, 2.2644307599999998, 2.27302203, 2.2816133, 2.2902045699999998, 2.29879584, 2.3073871099999996, 2.31597838, 2.32456965, 2.33316092, 2.34175219, 2.35034346, 2.3589347299999996, 2.367526]}}, "Datapoints": 10, "RuleParameters": "min_threshold:70\nmax_threshold:200"}