{"RuleTriggered": 0, "Violations": 54, "Details": {"low_gpu_utilization": 1355, "bottlenecks": {"1689132828.001157": {"GPUs": 1, "CPUs": 1}, "1689132828.501147": {"GPUs": 1, "CPUs": 1}, "1689132829.001197": {"GPUs": 1, "CPUs": 1}, "1689132831.001203": {"GPUs": 1, "CPUs": 2}, "1689132833.001231": {"GPUs": 1, "CPUs": 1}, "1689132835.001192": {"GPUs": 1, "CPUs": 1}, "1689133099.501166": {"GPUs": 1, "CPUs": 1}, "1689133100.001149": {"GPUs": 1, "CPUs": 1}, "1689133100.501143": {"GPUs": 1, "CPUs": 1}, "1689133102.501141": {"GPUs": 1, "CPUs": 1}, "1689133103.00115": {"GPUs": 1, "CPUs": 1}, "1689133103.501168": {"GPUs": 1, "CPUs": 1}, "1689133104.001163": {"GPUs": 1, "CPUs": 1}, "1689133104.501159": {"GPUs": 1, "CPUs": 1}, "1689133117.001153": {"GPUs": 1, "CPUs": 1}, "1689133123.00114": {"GPUs": 1, "CPUs": 1}, "1689133144.001178": {"GPUs": 1, "CPUs": 1}, "1689133147.001173": {"GPUs": 1, "CPUs": 1}, "1689133148.001194": {"GPUs": 1, "CPUs": 1}, "1689133148.501114": {"GPUs": 1, "CPUs": 1}, "1689133149.001184": {"GPUs": 1, "CPUs": 1}, "1689133150.001155": {"GPUs": 1, "CPUs": 1}, "1689133152.501127": {"GPUs": 1, "CPUs": 1}, "1689133155.001206": {"GPUs": 1, "CPUs": 1}, "1689133155.501214": {"GPUs": 1, "CPUs": 1}, "1689133156.001108": {"GPUs": 1, "CPUs": 1}, "1689133156.501164": {"GPUs": 1, "CPUs": 1}, "1689133157.001131": {"GPUs": 1, "CPUs": 1}, "1689133157.501142": {"GPUs": 1, "CPUs": 1}, "1689133158.501125": {"GPUs": 1, "CPUs": 1}, "1689133159.501213": {"GPUs": 1, "CPUs": 1}, "1689133160.501151": {"GPUs": 1, "CPUs": 1}, "1689133174.501551": {"GPUs": 1, "CPUs": 1}, "1689133175.501187": {"GPUs": 1, "CPUs": 1}, "1689133187.001153": {"GPUs": 1, "CPUs": 1}, "1689133189.001128": {"GPUs": 1, "CPUs": 1}, "1689133321.501193": {"GPUs": 1, "CPUs": 1}, "1689133322.501197": {"GPUs": 1, "CPUs": 1}, "1689133323.001129": {"GPUs": 1, "CPUs": 1}, "1689133325.001116": {"GPUs": 1, "CPUs": 1}, "1689133325.501161": {"GPUs": 1, "CPUs": 1}, "1689133326.001133": {"GPUs": 1, "CPUs": 1}, "1689133328.501148": {"GPUs": 1, "CPUs": 1}, "1689133329.001168": {"GPUs": 1, "CPUs": 1}, "1689133329.50115": {"GPUs": 1, "CPUs": 1}, "1689133330.501183": {"GPUs": 1, "CPUs": 1}, "1689133332.001148": {"GPUs": 1, "CPUs": 1}, "1689133336.00115": {"GPUs": 1, "CPUs": 1}, "1689133340.501113": {"GPUs": 1, "CPUs": 1}, "1689133345.501169": {"GPUs": 1, "CPUs": 1}, "1689133350.001137": {"GPUs": 1, "CPUs": 1}, "1689133350.501125": {"GPUs": 1, "CPUs": 1}, "1689133367.501145": {"GPUs": 1, "CPUs": 1}, "1689133369.001186": {"GPUs": 1, "CPUs": 1}}}, "Datapoints": 1467, "RuleParameters": "threshold:50\nio_threshold:50\ngpu_threshold:10\npatience:1000"}