{"RuleTriggered": 0, "Violations": 0, "Details": {"step_num": {"first": 1689133128055909, "last": 1689133559060762}, "job_start": 1689132827.500995, "job_end": 1689133559.501538}, "Datapoints": 186, "RuleParameters": "threshold:20"}