{"RuleTriggered": 0, "Violations": 0, "Details": {"ratio": {"gpu_functions-dev:0": 51.798783431908056, "cpu_functions": 48.20121656809194}, "phase": {"Step:ModeKeys.TRAIN": 37.34823207631038, "others": 44.63674193827551, "Step:ModeKeys.EVAL": 18.01502598541411}, "phase_time": {}, "CPU": {"aten::conv2d": 3.3800949862577236, "aten::convolution": 3.351011972372338, "aten::_convolution": 3.3311660075699656, "aten::cudnn_convolution": 3.3032313382620506, "aten::to": 14.716683974259087, "aten::copy_": 15.10765758354046, "enumerate(DataLoader)#_SingleProcessDataLoaderIter.__next__": 56.81015413773838}, "CPU_total": {"aten::conv2d": 1209758, "aten::convolution": 1199349, "aten::_convolution": 1192246, "aten::cudnn_convolution": 1182248, "aten::to": 5267197, "aten::copy_": 5407129, "enumerate(DataLoader)#_SingleProcessDataLoaderIter.__next__": 20332724}, "GPU": {"aten::conv2d": 5.219277746962535, "aten::convolution": 5.21023726188223, "aten::_convolution": 5.202003734240377, "aten::cudnn_convolution": 5.192404783377271, "aten::to": 13.357476816753236, "aten::copy_": 13.730642115759403, "enumerate(DataLoader)#_SingleProcessDataLoaderIter.__next__": 52.087957541024956}, "GPU_total": {"aten::conv2d": 2037372, "aten::convolution": 2033843, "aten::_convolution": 2030629, "aten::cudnn_convolution": 2026882, "aten::to": 5214160, "aten::copy_": 5359827, "enumerate(DataLoader)#_SingleProcessDataLoaderIter.__next__": 20332803}, "general": {"DataLoaderIterInitialize": 0.0006728766208239866, "DataLoaderIter": 10.646679538109959, "Forward": 89.35264758526922}}, "Datapoints": 0, "RuleParameters": ""}