{"RuleTriggered": 0, "Violations": 0, "Details": {"step_details": {"algo-1-27": {"step_stats": {"mean": 0.7072075714285716, "max": 29.201872, "p99": 14.853235600000136, "p95": 4.927944, "p50": 0.02972, "min": 0.028112}, "number_of_outliers": 2, "phase": "Step:ModeKeys.TRAIN", "stddev": 3.41, "probs": [148, 0, 0, 0, 0, 0, 0, 0, 0, 0, 0, 0, 0, 0, 0, 0, 0, 0, 0, 0, 0, 0, 0, 0, 0, 0, 0, 0, 0, 0, 0, 0, 0, 0, 0, 0, 0, 0, 0, 0, 0, 1, 0, 0, 0, 0, 0, 0, 0, 0, 0, 0, 0, 0, 0, 0, 0, 0, 0, 0, 0, 0, 0, 0, 0, 0, 0, 0, 0, 0, 0, 0, 0, 0, 0, 0, 0, 0, 0, 0, 0, 0, 0, 1, 1, 0, 1, 0, 0, 0, 0, 0, 0, 3, 2, 1, 0, 0, 0, 1], "binedges": [0.028112, 0.08070566, 0.13329932, 0.18589298, 0.23848664, 0.2910803, 0.34367396000000006, 0.39626762000000004, 0.44886128000000003, 0.50145494, 0.5540486, 0.60664226, 0.6592359200000001, 0.7118295800000001, 0.7644232400000001, 0.8170169, 0.86961056, 0.92220422, 0.97479788, 1.02739154, 1.0799851999999999, 1.13257886, 1.1851725199999998, 1.23776618, 1.29035984, 1.3429535, 1.39554716, 1.4481408199999999, 1.50073448, 1.5533281399999999, 1.6059218, 1.6585154599999998, 1.71110912, 1.76370278, 1.81629644, 1.8688901, 1.9214837599999999, 1.97407742, 2.02667108, 2.07926474, 2.1318584, 2.1844520600000004, 2.2370457200000002, 2.28963938, 2.34223304, 2.3948267000000003, 2.44742036, 2.50001402, 2.5526076800000004, 2.6052013400000003, 2.657795, 2.71038866, 2.7629823200000003, 2.81557598, 2.86816964, 2.9207633, 2.9733569600000003, 3.02595062, 3.07854428, 3.1311379400000003, 3.1837316, 3.23632526, 3.28891892, 3.3415125800000003, 3.39410624, 3.4466999, 3.4992935600000004, 3.5518872200000002, 3.60448088, 3.65707454, 3.7096682000000003, 3.76226186, 3.81485552, 3.8674491800000004, 3.9200428400000003, 3.9726365, 4.02523016, 4.07782382, 4.13041748, 4.1830111400000005, 4.2356048, 4.28819846, 4.340792120000001, 4.39338578, 4.44597944, 4.4985731, 4.55116676, 4.60376042, 4.65635408, 4.70894774, 4.7615414000000005, 4.81413506, 4.86672872, 4.9193223800000005, 4.97191604, 5.0245097, 5.077103360000001, 5.12969702, 5.18229068, 5.23488434, 5.287478], "step_numbers": ["0", "0"]}}}, "Datapoints": 186, "RuleParameters": "threshold:3\nmode:None\nn_outliers:10\nstddev:3"}